[
    {
        "Id": 2,
        "PositionName": "Activities staff",
        "PassengerDeptID": 2,
        "MerchantDeptID": "",
        "DefaultDocuments": "{1,2,3,4,6,7,14,15,16,23}",
        "MandatoryDocuments": "{23}",
        "DefaultCertificates": "{1,2,3,4,5,6,8,10,11,24,25,26,50}",
        "MandatoryCertificates": "",
        "CVFormatId": "1",
        "ReportsTo": "Assistant Cruise Director",
        "DirectRespondsTo": "Assistant Cruise Director",
        "Salary": "1,800-2,300$"
    },
    {
        "Id": 3,
        "PositionName": "Disc-jockey",
        "PassengerDeptID": 2,
        "MerchantDeptID": "",
        "DefaultDocuments": "{1,2,3,4,6,7,14,15,16,23}",
        "MandatoryDocuments": "{23}",
        "DefaultCertificates": "{1,2,3,4,5,6,8,10,11,24,25,26,50}",
        "MandatoryCertificates": "",
        "CVFormatId": "1",
        "ReportsTo": "Assistant Cruise Director",
        "DirectRespondsTo": "Cruise Director",
        "Salary": "1,700-2,400$"
    },
    {
        "Id": 4,
        "PositionName": "Youth Staff",
        "PassengerDeptID": 2,
        "MerchantDeptID": "",
        "DefaultDocuments": "{1,2,3,4,6,7,14,15,16,23}",
        "MandatoryDocuments": "{23}",
        "DefaultCertificates": "{1,2,3,4,5,6,8,10,11,24,25,26,50}",
        "MandatoryCertificates": "",
        "CVFormatId": "1",
        "ReportsTo": "Youth activities manager",
        "DirectRespondsTo": "Youth activities manager",
        "Salary": "1,500 - 2,000$"
    },
    {
        "Id": 5,
        "PositionName": "ITV specialist",
        "PassengerDeptID": 2,
        "MerchantDeptID": "",
        "DefaultDocuments": "{1,2,3,4,6,7,14,15,16,23}",
        "MandatoryDocuments": "{23}",
        "DefaultCertificates": "{1,2,3,4,5,6,8,10,11,24,25,26,50}",
        "MandatoryCertificates": "",
        "CVFormatId": "1",
        "ReportsTo": "Assistant Cruise Director",
        "DirectRespondsTo": "Cruise Director ",
        "Salary": "2,000$"
    },
    {
        "Id": 6,
        "PositionName": "Dive Instructor",
        "PassengerDeptID": 2,
        "MerchantDeptID": "",
        "DefaultDocuments": "{1,2,3,4,6,7,14,15,16,23}",
        "MandatoryDocuments": "{23}",
        "DefaultCertificates": "{1,2,3,4,5,6,8,10,11,24,25,26,50}",
        "MandatoryCertificates": "",
        "CVFormatId": "1",
        "ReportsTo": "SHIPBOARD-MARINE TECHNICIAN DEPARTMENT ",
        "DirectRespondsTo": "SHIPBOARD-MARINE TECHNICIAN DEPARTMENT ",
        "Salary": "1,000-1,500$"
    },
    {
        "Id": 7,
        "PositionName": "Sound and Light Technician",
        "PassengerDeptID": 2,
        "MerchantDeptID": "",
        "DefaultDocuments": "{1,2,3,4,6,7,14,15,16,23}",
        "MandatoryDocuments": "{23}",
        "DefaultCertificates": "{1,2,3,4,5,6,8,10,11,24,25,26,50}",
        "MandatoryCertificates": "",
        "CVFormatId": "1",
        "ReportsTo": "ENTERTAINMENT TECHNICAL DIRECTOR ",
        "DirectRespondsTo": "ENTERTAINMENT TECHNICAL DIRECTOR ",
        "Salary": "1,600 - 3,500$"
    },
    {
        "Id": 8,
        "PositionName": "Stage Technician",
        "PassengerDeptID": 2,
        "MerchantDeptID": "",
        "DefaultDocuments": "{1,2,3,4,6,7,14,15,16,23}",
        "MandatoryDocuments": "{23}",
        "DefaultCertificates": "{1,2,3,4,5,6,8,10,11,24,25,26,50}",
        "MandatoryCertificates": "",
        "CVFormatId": "1",
        "ReportsTo": "ENTERTAINMENT TECHNICAL DIRECTOR ",
        "DirectRespondsTo": "ENTERTAINMENT TECHNICAL DIRECTOR ",
        "Salary": "1,400 - 3,489$"
    },
    {
        "Id": 9,
        "PositionName": "Sport Staff",
        "PassengerDeptID": 2,
        "MerchantDeptID": "",
        "DefaultDocuments": "{1,2,3,4,6,7,14,15,16,23}",
        "MandatoryDocuments": "{23}",
        "DefaultCertificates": "{1,2,3,4,5,6,8,10,11,24,25,26,50}",
        "MandatoryCertificates": "",
        "CVFormatId": "1",
        "ReportsTo": "CRUISE DIRECTOR",
        "DirectRespondsTo": "CRUISE DIRECTOR",
        "Salary": "1,700 - 2200$"
    },
    {
        "Id": 10,
        "PositionName": "Zip liner operator",
        "PassengerDeptID": 2,
        "MerchantDeptID": "",
        "DefaultDocuments": "{1,2,3,4,6,7,14,15,16,23}",
        "MandatoryDocuments": "{23}",
        "DefaultCertificates": "{1,2,3,4,5,6,8,10,11,24,25,26,50}",
        "MandatoryCertificates": "",
        "CVFormatId": "1",
        "ReportsTo": "CRUISE DIRECTOR ",
        "DirectRespondsTo": "CRUISE DIRECTOR ",
        "Salary": "1,500 to 2,500$"
    },
    {
        "Id": 11,
        "PositionName": "Galley steward",
        "PassengerDeptID": 3,
        "MerchantDeptID": "13",
        "DefaultDocuments": "{1,2,3,4,6,7,14,15,19,23}",
        "MandatoryDocuments": "{1,2,23}",
        "DefaultCertificates": "{1,2,3,4,5,9,10,11,13,16,24,25,26,50}",
        "MandatoryCertificates": "",
        "CVFormatId": "6",
        "ReportsTo": "FIRST COOK ",
        "DirectRespondsTo": "FIRST COOK ",
        "Salary": "800$ "
    },
    {
        "Id": 12,
        "PositionName": "Messman",
        "PassengerDeptID": 3,
        "MerchantDeptID": "13",
        "DefaultDocuments": "{1,2,3,4,6,7,14,15,19,23}",
        "MandatoryDocuments": "{1,2,23}",
        "DefaultCertificates": "{1,2,3,4,5,9,10,11,13,16,24,25,26,50}",
        "MandatoryCertificates": "",
        "CVFormatId": "6",
        "ReportsTo": "Cook / Master / Chief Officer",
        "DirectRespondsTo": "Cook / Master / Chief Officer",
        "Salary": "800$"
    },
    {
        "Id": 13,
        "PositionName": "Concierge",
        "PassengerDeptID": 4,
        "MerchantDeptID": "",
        "DefaultDocuments": "{1,2,3,4,6,7,14,15,16,23}",
        "MandatoryDocuments": "{23}",
        "DefaultCertificates": "{1,2,3,4,5,6,8,10,11,24,25,26,50}",
        "MandatoryCertificates": "",
        "CVFormatId": "1",
        "ReportsTo": "GUEST RELATIONS MANAGER",
        "DirectRespondsTo": "GUEST RELATIONS MANAGER",
        "Salary": "1,600 -2,200$"
    },
    {
        "Id": 14,
        "PositionName": "Administrator purser-documentation",
        "PassengerDeptID": 4,
        "MerchantDeptID": "",
        "DefaultDocuments": "{1,2,3,4,6,7,14,15,16,23}",
        "MandatoryDocuments": "{23}",
        "DefaultCertificates": "{1,2,3,4,5,6,8,10,11,24,25,26,50}",
        "MandatoryCertificates": "",
        "CVFormatId": "1",
        "ReportsTo": "CHIEF PURSER ",
        "DirectRespondsTo": "CHIEF PURSER ",
        "Salary": " 1,850-3,000$"
    },
    {
        "Id": 15,
        "PositionName": "International host",
        "PassengerDeptID": 4,
        "MerchantDeptID": "",
        "DefaultDocuments": "{1,2,3,4,6,7,14,15,16,23}",
        "MandatoryDocuments": "{23}",
        "DefaultCertificates": "{1,2,3,4,5,6,8,10,11,24,25,26,50}",
        "MandatoryCertificates": "",
        "CVFormatId": "1",
        "ReportsTo": "GUEST SERVICES MANAGER ",
        "DirectRespondsTo": "GUEST SERVICES MANAGER ",
        "Salary": "2,035 - 3,200$"
    },
    {
        "Id": 16,
        "PositionName": "Event coordinator",
        "PassengerDeptID": 4,
        "MerchantDeptID": "",
        "DefaultDocuments": "{1,2,3,4,6,7,14,15,16,23}",
        "MandatoryDocuments": "{23}",
        "DefaultCertificates": "{1,2,3,4,5,6,8,10,11,24,25,26,50}",
        "MandatoryCertificates": "",
        "CVFormatId": "1",
        "ReportsTo": "CRUISE DIRECTOR/ACTIVITIES MANAGER",
        "DirectRespondsTo": "CRUISE DIRECTOR/ACTIVITIES MANAGER",
        "Salary": "1,500-2,500$"
    },
    {
        "Id": 17,
        "PositionName": "Guest relations officer",
        "PassengerDeptID": 4,
        "MerchantDeptID": "",
        "DefaultDocuments": "{1,2,3,4,6,7,14,15,16,23}",
        "MandatoryDocuments": "{23}",
        "DefaultCertificates": "{1,2,3,4,5,6,8,10,11,24,25,26,50}",
        "MandatoryCertificates": "",
        "CVFormatId": "1",
        "ReportsTo": "GUEST RELATIONS OFFICER MANAGER ",
        "DirectRespondsTo": "GUEST RELATIONS OFFICER MANAGER ",
        "Salary": "1600 -2200$"
    },
    {
        "Id": 18,
        "PositionName": "H/R administrator",
        "PassengerDeptID": 5,
        "MerchantDeptID": "",
        "DefaultDocuments": "{1,2,3,4,6,7,14,15,16,23}",
        "MandatoryDocuments": "{23}",
        "DefaultCertificates": "{1,2,3,4,5,6,8,10,11,24,25,26,50}",
        "MandatoryCertificates": "",
        "CVFormatId": "1",
        "ReportsTo": "H/R Manager",
        "DirectRespondsTo": "H/R Manager ",
        "Salary": "3,500-5,500$"
    },
    {
        "Id": 19,
        "PositionName": "Crew Staff (Welfare) Administrator",
        "PassengerDeptID": 5,
        "MerchantDeptID": "",
        "DefaultDocuments": "{1,2,3,4,6,7,14,15,16,23}",
        "MandatoryDocuments": "{23}",
        "DefaultCertificates": "{1,2,3,4,5,6,8,10,11,24,25,26,50}",
        "MandatoryCertificates": "",
        "CVFormatId": "1",
        "ReportsTo": "SHIPBOARD-HUMAN RESOURCES ",
        "DirectRespondsTo": "SHIPBOARD-HUMAN RESOURCES ",
        "Salary": "1,800-2,600$"
    },
    {
        "Id": 20,
        "PositionName": "Crew Staff (Welfare) Assistant",
        "PassengerDeptID": 5,
        "MerchantDeptID": "",
        "DefaultDocuments": "{1,2,3,4,6,7,14,15,16,23}",
        "MandatoryDocuments": "{23}",
        "DefaultCertificates": "{1,2,3,4,5,6,8,10,11,24,25,26,50}",
        "MandatoryCertificates": "",
        "CVFormatId": "1",
        "ReportsTo": "CREW/STAFF ADMINISTRATOR (WELFARE) ",
        "DirectRespondsTo": "CREW/STAFF ADMINISTRATOR (WELFARE) ",
        "Salary": "1,200-1,800$"
    },
    {
        "Id": 21,
        "PositionName": "Training and Development Manager",
        "PassengerDeptID": 5,
        "MerchantDeptID": "",
        "DefaultDocuments": "{1,2,3,4,6,7,14,15,16,23}",
        "MandatoryDocuments": "{23}",
        "DefaultCertificates": "{1,2,3,4,5,6,8,10,11,24,25,26,50}",
        "MandatoryCertificates": "",
        "CVFormatId": "1",
        "ReportsTo": "SHIPBOARD-HUMAN RESOURCES ",
        "DirectRespondsTo": "SHIPBOARD-HUMAN RESOURCES ",
        "Salary": "4,500-6,500$"
    },
    {
        "Id": 22,
        "PositionName": "Shore Excursion Staff",
        "PassengerDeptID": 6,
        "MerchantDeptID": "",
        "DefaultDocuments": "{1,2,3,4,6,7,14,15,16,23}",
        "MandatoryDocuments": "{23}",
        "DefaultCertificates": "{1,2,3,4,5,6,8,10,11,24,25,26,50}",
        "MandatoryCertificates": "",
        "CVFormatId": "1",
        "ReportsTo": "SHORE EXCURSION MANAGER ",
        "DirectRespondsTo": "SHORE EXCURSION MANAGER ",
        "Salary": "1,800-2,100$"
    },
    {
        "Id": 23,
        "PositionName": "2nd purser administrator",
        "PassengerDeptID": 7,
        "MerchantDeptID": "",
        "DefaultDocuments": "{1,2,3,4,6,7,14,15,16,23}",
        "MandatoryDocuments": "{23}",
        "DefaultCertificates": "{1,2,3,4,5,6,8,10,11,24,25,26,50}",
        "MandatoryCertificates": "",
        "CVFormatId": "1",
        "ReportsTo": "CHIEF PURSER / HOTEL MANAGER",
        "DirectRespondsTo": "CHIEF PURSER / HOTEL MANAGER",
        "Salary": "2,500-3,000$"
    },
    {
        "Id": 24,
        "PositionName": "2nd purser payroll",
        "PassengerDeptID": 7,
        "MerchantDeptID": "",
        "DefaultDocuments": "{1,2,3,4,6,7,14,15,16,23}",
        "MandatoryDocuments": "{23}",
        "DefaultCertificates": "{1,2,3,4,5,6,8,10,11,24,25,26,50}",
        "MandatoryCertificates": "",
        "CVFormatId": "1",
        "ReportsTo": "CHIEF PURSER ",
        "DirectRespondsTo": "CHIEF PURSER ",
        "Salary": "2,300-2,800$"
    },
    {
        "Id": 25,
        "PositionName": "Shipboard Systems Staff",
        "PassengerDeptID": 8,
        "MerchantDeptID": "",
        "DefaultDocuments": "{1,2,3,4,6,7,14,15,16,23}",
        "MandatoryDocuments": "{23}",
        "DefaultCertificates": "{1,2,3,4,5,6,8,10,11,24,25,26,50}",
        "MandatoryCertificates": "",
        "CVFormatId": "1",
        "ReportsTo": "SYSTEMS MANAGER ",
        "DirectRespondsTo": "SYSTEMS MANAGER ",
        "Salary": "5,000-6,500$"
    },
    {
        "Id": 26,
        "PositionName": "Computer Systems Hardware Technician",
        "PassengerDeptID": 8,
        "MerchantDeptID": "",
        "DefaultDocuments": "{1,2,3,4,6,7,14,15,16,23}",
        "MandatoryDocuments": "{23}",
        "DefaultCertificates": "{1,2,3,4,5,6,8,10,11,24,25,26,50}",
        "MandatoryCertificates": "",
        "CVFormatId": "1",
        "ReportsTo": "SHIPBOARD SYSTEMS MANAGER ",
        "DirectRespondsTo": "SHIPBOARD SYSTEMS MANAGER ",
        "Salary": "2,500-4,500$"
    },
    {
        "Id": 27,
        "PositionName": "Desktop Publisher",
        "PassengerDeptID": 8,
        "MerchantDeptID": "",
        "DefaultDocuments": "{1,2,3,4,6,7,14,15,16,23}",
        "MandatoryDocuments": "{23}",
        "DefaultCertificates": "{1,2,3,4,5,6,8,10,11,24,25,26,50}",
        "MandatoryCertificates": "",
        "CVFormatId": "1",
        "ReportsTo": "MARKETING MANAGER",
        "DirectRespondsTo": "MARKETING MANAGER",
        "Salary": "1,400-2,600$"
    },
    {
        "Id": 28,
        "PositionName": "Printer",
        "PassengerDeptID": 8,
        "MerchantDeptID": "",
        "DefaultDocuments": "{1,2,3,4,6,7,14,15,16,23}",
        "MandatoryDocuments": "{23}",
        "DefaultCertificates": "{1,2,3,4,5,6,8,10,11,24,25,26,50}",
        "MandatoryCertificates": "",
        "CVFormatId": "1",
        "ReportsTo": "MARKETING MANAGER",
        "DirectRespondsTo": "MARKETING MANAGER",
        "Salary": "1,300-1,700$"
    },
    {
        "Id": 29,
        "PositionName": "Assistant data system manager",
        "PassengerDeptID": 8,
        "MerchantDeptID": "",
        "DefaultDocuments": "{1,2,3,4,6,7,14,15,16,23}",
        "MandatoryDocuments": "{23}",
        "DefaultCertificates": "{1,2,3,4,5,6,8,10,11,24,25,26,50}",
        "MandatoryCertificates": "",
        "CVFormatId": "1",
        "ReportsTo": "SYSTEMS MANAGER ",
        "DirectRespondsTo": "SYSTEMS MANAGER ",
        "Salary": "4,000$"
    },
    {
        "Id": 30,
        "PositionName": "Food storekeeper",
        "PassengerDeptID": 9,
        "MerchantDeptID": "",
        "DefaultDocuments": "{1,2,3,4,6,7,14,15,16,23}",
        "MandatoryDocuments": "{23}",
        "DefaultCertificates": "{1,2,3,4,5,6,8,10,11,24,25,26,50}",
        "MandatoryCertificates": "",
        "CVFormatId": "1",
        "ReportsTo": "THE FOOD AND BEVERAGE MANAGER",
        "DirectRespondsTo": "THE FOOD AND BEVERAGE MANAGER",
        "Salary": "9,00-1,100$"
    },
    {
        "Id": 31,
        "PositionName": "Utility storekeeper",
        "PassengerDeptID": 9,
        "MerchantDeptID": "",
        "DefaultDocuments": "{1,2,3,4,6,7,14,15,16,23}",
        "MandatoryDocuments": "{23}",
        "DefaultCertificates": "{1,2,3,4,5,6,8,10,11,24,25,26,50}",
        "MandatoryCertificates": "",
        "CVFormatId": "1",
        "ReportsTo": "CHIEF STOREKEEPER",
        "DirectRespondsTo": "CHIEF STOREKEEPER",
        "Salary": "900-1,100$"
    },
    {
        "Id": 32,
        "PositionName": "Utility bar storekeeper",
        "PassengerDeptID": 9,
        "MerchantDeptID": "",
        "DefaultDocuments": "{1,2,3,4,6,7,14,15,16,23}",
        "MandatoryDocuments": "{23}",
        "DefaultCertificates": "{1,2,3,4,5,6,8,10,11,24,25,26,50}",
        "MandatoryCertificates": "",
        "CVFormatId": "1",
        "ReportsTo": "BAR MANAGER ",
        "DirectRespondsTo": "BAR MANAGER ",
        "Salary": "900-1,100$"
    },
    {
        "Id": 33,
        "PositionName": "Cruise Ship Doctor",
        "PassengerDeptID": 10,
        "MerchantDeptID": "",
        "DefaultDocuments": "{1,2,3,4,6,7,14,15,16,23}",
        "MandatoryDocuments": "{23}",
        "DefaultCertificates": "{1,2,3,4,5,6,8,10,11,24,25,26,50}",
        "MandatoryCertificates": "",
        "CVFormatId": "1",
        "ReportsTo": "CHIEF MEDICAL OFFICER ",
        "DirectRespondsTo": "CHIEF MEDICAL OFFICER ",
        "Salary": "6,000 - 9,000$"
    },
    {
        "Id": 34,
        "PositionName": "Nurse",
        "PassengerDeptID": 10,
        "MerchantDeptID": "",
        "DefaultDocuments": "{1,2,3,4,6,7,14,15,16,23}",
        "MandatoryDocuments": "{23}",
        "DefaultCertificates": "{1,2,3,4,5,6,8,10,11,24,25,26,50}",
        "MandatoryCertificates": "",
        "CVFormatId": "1",
        "ReportsTo": "CHIEF MEDICAL OFFICER / CUISE SHIP DOCTOR ",
        "DirectRespondsTo": "CHIEF MEDICAL OFFICER / CUISE SHIP DOCTOR ",
        "Salary": "3,000-4,000$"
    },
    {
        "Id": 35,
        "PositionName": "Paramedics",
        "PassengerDeptID": 10,
        "MerchantDeptID": "",
        "DefaultDocuments": "{1,2,3,4,6,7,14,15,16,23}",
        "MandatoryDocuments": "{23}",
        "DefaultCertificates": "{1,2,3,4,5,6,8,10,11,24,25,26,50}",
        "MandatoryCertificates": "",
        "CVFormatId": "1",
        "ReportsTo": "CHIEF MEDICAL OFFICER / CRUISE SHIP DOCTOR ",
        "DirectRespondsTo": "CHIEF MEDICAL OFFICER / CRUISE SHIP DOCTOR ",
        "Salary": "2,000-3,000$"
    },
    {
        "Id": 36,
        "PositionName": "Bar server",
        "PassengerDeptID": 11,
        "MerchantDeptID": "",
        "DefaultDocuments": "{1,2,3,4,6,7,14,15,16,23}",
        "MandatoryDocuments": "{23}",
        "DefaultCertificates": "{1,2,3,4,5,6,8,10,11,24,25,26,50}",
        "MandatoryCertificates": "",
        "CVFormatId": "1",
        "ReportsTo": "BAR MANAGER / FOOD BEVERAGE MANAGER  ",
        "DirectRespondsTo": "BAR MANAGER / FOOD BEVERAGE MANAGER  ",
        "Salary": "50$ BASE  SALARY + TIPS : 1,500$"
    },
    {
        "Id": 37,
        "PositionName": "Bartender",
        "PassengerDeptID": 11,
        "MerchantDeptID": "",
        "DefaultDocuments": "{1,2,3,4,6,7,14,15,16,23}",
        "MandatoryDocuments": "{23}",
        "DefaultCertificates": "{1,2,3,4,5,6,8,10,11,24,25,26,50}",
        "MandatoryCertificates": "",
        "CVFormatId": "1",
        "ReportsTo": "BAR MANAGER / FOOD BEVERAGE MANAGER  ",
        "DirectRespondsTo": "BAR MANAGER / FOOD BEVERAGE MANAGER  ",
        "Salary": "350$ BASE  SALARY + TIPS : 2,500$"
    },
    {
        "Id": 38,
        "PositionName": "Bar utility",
        "PassengerDeptID": 11,
        "MerchantDeptID": "",
        "DefaultDocuments": "{1,2,3,4,6,7,14,15,16,23}",
        "MandatoryDocuments": "{23}",
        "DefaultCertificates": "{1,2,3,4,5,6,8,10,11,24,25,26,50}",
        "MandatoryCertificates": "",
        "CVFormatId": "1",
        "ReportsTo": "BAR MANAGER / FOOD BEVERAGE MANAGER  ",
        "DirectRespondsTo": "BAR MANAGER / FOOD BEVERAGE MANAGER  ",
        "Salary": "850$"
    },
    {
        "Id": 39,
        "PositionName": "Sommelier",
        "PassengerDeptID": 11,
        "MerchantDeptID": "",
        "DefaultDocuments": "{1,2,3,4,6,7,14,15,16,23}",
        "MandatoryDocuments": "{23}",
        "DefaultCertificates": "{1,2,3,4,5,6,8,10,11,24,25,26,50}",
        "MandatoryCertificates": "",
        "CVFormatId": "1",
        "ReportsTo": "HEAD SOMMELIER AND ASSISTANT RESTAURANT MANAGER",
        "DirectRespondsTo": "HEAD SOMMELIER AND ASSISTANT RESTAURANT MANAGER",
        "Salary": "960 -1,500$"
    },
    {
        "Id": 40,
        "PositionName": "Cashier",
        "PassengerDeptID": 12,
        "MerchantDeptID": "",
        "DefaultDocuments": "{1,2,3,4,6,7,14,15,16,23}",
        "MandatoryDocuments": "{23}",
        "DefaultCertificates": "{1,2,3,4,5,6,8,10,11,24,25,26,50}",
        "MandatoryCertificates": "",
        "CVFormatId": "1",
        "ReportsTo": "CASINO MANAGER ",
        "DirectRespondsTo": "CASINO MANAGER ",
        "Salary": "900-1,500$"
    },
    {
        "Id": 41,
        "PositionName": "Slot technician",
        "PassengerDeptID": 12,
        "MerchantDeptID": "",
        "DefaultDocuments": "{1,2,3,4,6,7,14,15,16,23}",
        "MandatoryDocuments": "{23}",
        "DefaultCertificates": "{1,2,3,4,5,6,8,10,11,24,25,26,50}",
        "MandatoryCertificates": "",
        "CVFormatId": "1",
        "ReportsTo": "CASINO MANAGER / SLOT MANAGER ",
        "DirectRespondsTo": "CASINO MANAGER / SLOT MANAGER ",
        "Salary": "1,430- 2,200$"
    },
    {
        "Id": 42,
        "PositionName": "Slot attendant",
        "PassengerDeptID": 12,
        "MerchantDeptID": "",
        "DefaultDocuments": "{1,2,3,4,6,7,14,15,16,23}",
        "MandatoryDocuments": "{23}",
        "DefaultCertificates": "{1,2,3,4,5,6,8,10,11,24,25,26,50}",
        "MandatoryCertificates": "",
        "CVFormatId": "1",
        "ReportsTo": "SLOT MANAGER / CASINO MANAGER ",
        "DirectRespondsTo": "SLOT MANAGER / CASINO MANAGER ",
        "Salary": "1,485$"
    },
    {
        "Id": 43,
        "PositionName": "Casino dealer / Croupier",
        "PassengerDeptID": 12,
        "MerchantDeptID": "",
        "DefaultDocuments": "{1,2,3,4,6,7,14,15,16,23}",
        "MandatoryDocuments": "{23}",
        "DefaultCertificates": "{1,2,3,4,5,6,8,10,11,24,25,26,50}",
        "MandatoryCertificates": "",
        "CVFormatId": "1",
        "ReportsTo": "CASINO MANAGER ",
        "DirectRespondsTo": "CASINO MANAGER ",
        "Salary": "500$ BASE  SALARY + TIPS : 1,500-2,500$"
    },
    {
        "Id": 44,
        "PositionName": "Deck officer",
        "PassengerDeptID": 13,
        "MerchantDeptID": "13",
        "DefaultDocuments": "{1,2,3,4,6,7,8,9,10,11,13,14,15,16,21,23}",
        "MandatoryDocuments": "{1,2,23}",
        "DefaultCertificates": "{1,2,3,4,7,12,13,19,21,22,23,24,28,29,30,31,35,37,50,55}",
        "MandatoryCertificates": "",
        "CVFormatId": "8",
        "ReportsTo": "MASTER / CHIEF MATE",
        "DirectRespondsTo": "MASTER / CHIEF MATE",
        "Salary": "3,500 - 7,500$"
    },
    {
        "Id": 45,
        "PositionName": "Deck cadet",
        "PassengerDeptID": 13,
        "MerchantDeptID": "13",
        "DefaultDocuments": "{1,2,3,4,6,7,8,9,10,11,12,13,14,15,16,21,23}",
        "MandatoryDocuments": "{1,2,23}",
        "DefaultCertificates": "{1,2,3,4,7,12,13,19,21,22,23,24,28,29,30,31,35,37,50,55}",
        "MandatoryCertificates": "",
        "CVFormatId": "8",
        "ReportsTo": "MASTER / CHIEF MATE / OFFICER IN CHARGE",
        "DirectRespondsTo": "MASTER / CHIEF MATE / OFFICER IN CHARGE",
        "Salary": "1,200 - 1,800$"
    },
    {
        "Id": 46,
        "PositionName": "Bosun",
        "PassengerDeptID": 13,
        "MerchantDeptID": "13",
        "DefaultDocuments": "{1,2,3,4,6,7,14,15,16,23}",
        "MandatoryDocuments": "{1,2,23}",
        "DefaultCertificates": "{1,2,3,4,5,6,9,11,13,16,24,25,26,50}",
        "MandatoryCertificates": "{1,2,3,4,5,6}",
        "CVFormatId": "4",
        "ReportsTo": "CHIEF OFFICER / SECOND OFFICER",
        "DirectRespondsTo": "CHIEF OFFICER / SECOND OFFICER",
        "Salary": "1,200 - 1,600$"
    },
    {
        "Id": 47,
        "PositionName": "Able Seaman",
        "PassengerDeptID": 13,
        "MerchantDeptID": "13",
        "DefaultDocuments": "{1,2,3,4,6,7,14,15,16,23}",
        "MandatoryDocuments": "{1,2,23}",
        "DefaultCertificates": "{1,2,3,4,5,6,9,10,13,16,24,25,26,50}",
        "MandatoryCertificates": "{1,2,3,4,5,6}",
        "CVFormatId": "2",
        "ReportsTo": "BOSUN / CHIEF OFFICER",
        "DirectRespondsTo": "BOSUN / CHIEF OFFICER",
        "Salary": "1,100 - 2,120$"
    },
    {
        "Id": 48,
        "PositionName": "Ordinary Seaman",
        "PassengerDeptID": 13,
        "MerchantDeptID": "13",
        "DefaultDocuments": "{1,2,3,4,6,7,14,15,16,23}",
        "MandatoryDocuments": "{1,2,23}",
        "DefaultCertificates": "{1,2,3,4,5,6,9,10,13,16,24,25,26,50}",
        "MandatoryCertificates": "{1,2,3,4,5,6}",
        "CVFormatId": "2",
        "ReportsTo": "BOSUN / CHIEF OFFICER",
        "DirectRespondsTo": "BOSUN / CHIEF OFFICER",
        "Salary": "1,200-1,800$"
    },
    {
        "Id": 49,
        "PositionName": "Apprentice Ordinary Seaman",
        "PassengerDeptID": 13,
        "MerchantDeptID": "",
        "DefaultDocuments": "{1,2,3,4,6,7,14,15,16,23}",
        "MandatoryDocuments": "{23}",
        "DefaultCertificates": "{1,2,3,4,5,6,9,10,13,16,24,25,26,50}",
        "MandatoryCertificates": "{1,2,3,4,5,6}",
        "CVFormatId": "2",
        "ReportsTo": "ORDINAY SEAMAN / BOSUN / CHIEF OFFICER",
        "DirectRespondsTo": "ORDINAY SEAMAN / BOSUN / CHIEF OFFICER",
        "Salary": "1,000 -1,400$"
    },
    {
        "Id": 50,
        "PositionName": "Chief Security Officer",
        "PassengerDeptID": 14,
        "MerchantDeptID": "",
        "DefaultDocuments": "{1,2,3,4,6,7,14,15,16,23}",
        "MandatoryDocuments": "{23}",
        "DefaultCertificates": "{1,2,3,4,5,6,8,10,11,24,25,26,50}",
        "MandatoryCertificates": "",
        "CVFormatId": "1",
        "ReportsTo": "OFFICERS  ",
        "DirectRespondsTo": "OFFICERS  ",
        "Salary": "6,000-8,000$"
    },
    {
        "Id": 51,
        "PositionName": "Deputy Security Officer",
        "PassengerDeptID": 14,
        "MerchantDeptID": "",
        "DefaultDocuments": "{1,2,3,4,6,7,14,15,16,23}",
        "MandatoryDocuments": "{23}",
        "DefaultCertificates": "{1,2,3,4,5,6,8,10,11,24,25,26,50}",
        "MandatoryCertificates": "",
        "CVFormatId": "1",
        "ReportsTo": "CHIEF SECURITY OFFICER",
        "DirectRespondsTo": "CHIEF SECURITY OFFICER",
        "Salary": "3,600 -4,800$"
    },
    {
        "Id": 52,
        "PositionName": "Security guard",
        "PassengerDeptID": 14,
        "MerchantDeptID": "",
        "DefaultDocuments": "{1,2,3,4,6,7,14,15,16,23}",
        "MandatoryDocuments": "{23}",
        "DefaultCertificates": "{1,2,3,4,5,6,8,10,11,24,25,26,50}",
        "MandatoryCertificates": "",
        "CVFormatId": "1",
        "ReportsTo": "CHIEF SECURITY OFFICER / DEPUTY SECURITY OFFICER ",
        "DirectRespondsTo": "CHIEF SECURITY OFFICER / DEPUTY SECURITY OFFICER ",
        "Salary": "1,200-1,800 "
    },
    {
        "Id": 53,
        "PositionName": "Facilities dispatcher",
        "PassengerDeptID": 15,
        "MerchantDeptID": "",
        "DefaultDocuments": "{1,2,3,4,6,7,14,15,16,23}",
        "MandatoryDocuments": "{23}",
        "DefaultCertificates": "{1,2,3,4,5,6,8,10,11,24,25,26,50}",
        "MandatoryCertificates": "",
        "CVFormatId": "1",
        "ReportsTo": "",
        "DirectRespondsTo": "",
        "Salary": ""
    },
    {
        "Id": 54,
        "PositionName": "Inventory support",
        "PassengerDeptID": 15,
        "MerchantDeptID": "",
        "DefaultDocuments": "{1,2,3,4,6,7,14,15,16,23}",
        "MandatoryDocuments": "{23}",
        "DefaultCertificates": "{1,2,3,4,5,6,8,10,11,24,25,26,50}",
        "MandatoryCertificates": "",
        "CVFormatId": "1",
        "ReportsTo": "",
        "DirectRespondsTo": "",
        "Salary": ""
    },
    {
        "Id": 55,
        "PositionName": "Facilities cleaning specialist",
        "PassengerDeptID": 15,
        "MerchantDeptID": "",
        "DefaultDocuments": "{1,2,3,4,6,7,14,15,16,23}",
        "MandatoryDocuments": "{23}",
        "DefaultCertificates": "{1,2,3,4,5,6,8,10,11,24,25,26,50}",
        "MandatoryCertificates": "",
        "CVFormatId": "1",
        "ReportsTo": "",
        "DirectRespondsTo": "",
        "Salary": ""
    },
    {
        "Id": 56,
        "PositionName": "Facilities cleaner",
        "PassengerDeptID": 15,
        "MerchantDeptID": "",
        "DefaultDocuments": "{1,2,3,4,6,7,14,15,16,23}",
        "MandatoryDocuments": "{23}",
        "DefaultCertificates": "{1,2,3,4,5,6,8,10,11,24,25,26,50}",
        "MandatoryCertificates": "",
        "CVFormatId": "1",
        "ReportsTo": "HEAD CLEANER",
        "DirectRespondsTo": "HEAD CLEANER",
        "Salary": "829-1,160$"
    },
    {
        "Id": 57,
        "PositionName": "Plumber",
        "PassengerDeptID": 15,
        "MerchantDeptID": "",
        "DefaultDocuments": "{1,2,3,4,6,7,14,15,16,23}",
        "MandatoryDocuments": "{23}",
        "DefaultCertificates": "{1,2,3,4,5,6,8,10,11,24,25,26,50}",
        "MandatoryCertificates": "",
        "CVFormatId": "1",
        "ReportsTo": "FACILITIES MANAGER ",
        "DirectRespondsTo": "FACILITIES MANAGER ",
        "Salary": "1,500-2,200$"
    },
    {
        "Id": 58,
        "PositionName": "Facilities pool attendant",
        "PassengerDeptID": 15,
        "MerchantDeptID": "",
        "DefaultDocuments": "{1,2,3,4,6,7,14,15,16,23}",
        "MandatoryDocuments": "{23}",
        "DefaultCertificates": "{1,2,3,4,5,6,8,10,11,24,25,26,50}",
        "MandatoryCertificates": "",
        "CVFormatId": "1",
        "ReportsTo": "POOL MANAGER OR RECREATION MANAGER",
        "DirectRespondsTo": "POOL MANAGER OR RECREATION MANAGER",
        "Salary": "829-1160 $"
    },
    {
        "Id": 59,
        "PositionName": "Facilities assistant carpenter",
        "PassengerDeptID": 15,
        "MerchantDeptID": "",
        "DefaultDocuments": "{1,2,3,4,6,7,14,15,16,23}",
        "MandatoryDocuments": "{23}",
        "DefaultCertificates": "{1,2,3,4,5,6,8,10,11,24,25,26,50}",
        "MandatoryCertificates": "",
        "CVFormatId": "1",
        "ReportsTo": "Facilities Manager ",
        "DirectRespondsTo": "Facilities Manager ",
        "Salary": "1,120- 1,300$"
    },
    {
        "Id": 60,
        "PositionName": "Facilities upholsterer",
        "PassengerDeptID": 15,
        "MerchantDeptID": "",
        "DefaultDocuments": "{1,2,3,4,6,7,14,15,16,23}",
        "MandatoryDocuments": "{23}",
        "DefaultCertificates": "{1,2,3,4,5,6,8,10,11,24,25,26,50}",
        "MandatoryCertificates": "",
        "CVFormatId": "1",
        "ReportsTo": "FACILITIES MANAGER ",
        "DirectRespondsTo": "FACILITIES MANAGER ",
        "Salary": "800$"
    },
    {
        "Id": 61,
        "PositionName": "Facilities assistant repairmen",
        "PassengerDeptID": 15,
        "MerchantDeptID": "",
        "DefaultDocuments": "{1,2,3,4,6,7,14,15,16,23}",
        "MandatoryDocuments": "{23}",
        "DefaultCertificates": "{1,2,3,4,5,6,8,10,11,24,25,26,50}",
        "MandatoryCertificates": "",
        "CVFormatId": "1",
        "ReportsTo": "FACILITIES MANAGER AND REPAIR SUPERVISOR",
        "DirectRespondsTo": "FACILITIES MANAGER AND REPAIR SUPERVISOR",
        "Salary": "1,300 - 1,700$"
    },
    {
        "Id": 62,
        "PositionName": "Ship Cook",
        "PassengerDeptID": 16,
        "MerchantDeptID": "13",
        "DefaultDocuments": "{1,2,3,4,6,7,14,15,16,23}",
        "MandatoryDocuments": "{1,2,23}",
        "DefaultCertificates": "{1,2,3,4,5,6,8,9,10,11,13,24,25,26,50}",
        "MandatoryCertificates": "",
        "CVFormatId": "3",
        "ReportsTo": "EXECUTIVE CHEF ",
        "DirectRespondsTo": "EXECUTIVE CHEF ",
        "Salary": "1,500-2,500$"
    },
    {
        "Id": 63,
        "PositionName": "Assistant cook baker",
        "PassengerDeptID": 16,
        "MerchantDeptID": "",
        "DefaultDocuments": "{1,2,3,4,6,7,14,15,16,23}",
        "MandatoryDocuments": "{23}",
        "DefaultCertificates": "{1,2,3,4,5,6,8,10,11,24,25,26,50}",
        "MandatoryCertificates": "",
        "CVFormatId": "1",
        "ReportsTo": "",
        "DirectRespondsTo": "",
        "Salary": ""
    },
    {
        "Id": 64,
        "PositionName": "Assistant cook butcher",
        "PassengerDeptID": 16,
        "MerchantDeptID": "",
        "DefaultDocuments": "{1,2,3,4,6,7,14,15,16,23}",
        "MandatoryDocuments": "{23}",
        "DefaultCertificates": "{1,2,3,4,5,6,8,10,11,24,25,26,50}",
        "MandatoryCertificates": "",
        "CVFormatId": "1",
        "ReportsTo": "",
        "DirectRespondsTo": "",
        "Salary": ""
    },
    {
        "Id": 65,
        "PositionName": "Assistant Cook Fish",
        "PassengerDeptID": 16,
        "MerchantDeptID": "",
        "DefaultDocuments": "{1,2,3,4,6,7,14,15,16,23}",
        "MandatoryDocuments": "{23}",
        "DefaultCertificates": "{1,2,3,4,5,6,8,10,11,24,25,26,50}",
        "MandatoryCertificates": "",
        "CVFormatId": "1",
        "ReportsTo": "",
        "DirectRespondsTo": "",
        "Salary": ""
    },
    {
        "Id": 66,
        "PositionName": "Assistant cook pantry",
        "PassengerDeptID": 16,
        "MerchantDeptID": "",
        "DefaultDocuments": "{1,2,3,4,6,7,14,15,16,23}",
        "MandatoryDocuments": "{23}",
        "DefaultCertificates": "{1,2,3,4,5,6,8,10,11,24,25,26,50}",
        "MandatoryCertificates": "",
        "CVFormatId": "1",
        "ReportsTo": "",
        "DirectRespondsTo": "",
        "Salary": ""
    },
    {
        "Id": 67,
        "PositionName": "Assistant cook pastry",
        "PassengerDeptID": 16,
        "MerchantDeptID": "",
        "DefaultDocuments": "{1,2,3,4,6,7,14,15,16,23}",
        "MandatoryDocuments": "{23}",
        "DefaultCertificates": "{1,2,3,4,5,6,8,10,11,24,25,26,50}",
        "MandatoryCertificates": "",
        "CVFormatId": "1",
        "ReportsTo": "",
        "DirectRespondsTo": "",
        "Salary": ""
    },
    {
        "Id": 68,
        "PositionName": "Assistant cook vegetable",
        "PassengerDeptID": 16,
        "MerchantDeptID": "",
        "DefaultDocuments": "{1,2,3,4,6,7,14,15,16,23}",
        "MandatoryDocuments": "{23}",
        "DefaultCertificates": "{1,2,3,4,5,6,8,10,11,24,25,26,50}",
        "MandatoryCertificates": "",
        "CVFormatId": "1",
        "ReportsTo": "",
        "DirectRespondsTo": "",
        "Salary": ""
    },
    {
        "Id": 69,
        "PositionName": "Utility Cook",
        "PassengerDeptID": 16,
        "MerchantDeptID": "",
        "DefaultDocuments": "{1,2,3,4,6,7,14,15,16,23}",
        "MandatoryDocuments": "{23}",
        "DefaultCertificates": "{1,2,3,4,5,6,8,9,10,11,13,24,25,26,50}",
        "MandatoryCertificates": "",
        "CVFormatId": "3",
        "ReportsTo": "",
        "DirectRespondsTo": "",
        "Salary": ""
    },
    {
        "Id": 70,
        "PositionName": "Waiter/ress",
        "PassengerDeptID": 17,
        "MerchantDeptID": "",
        "DefaultDocuments": "{1,2,3,4,6,7,14,15,16,23}",
        "MandatoryDocuments": "{23}",
        "DefaultCertificates": "{1,2,3,4,5,6,8,10,11,24,25,26,50}",
        "MandatoryCertificates": "",
        "CVFormatId": "1",
        "ReportsTo": "RESTAURANT MANAGER OR THE MAITRE D’",
        "DirectRespondsTo": "RESTAURANT MANAGER OR THE MAITRE D’",
        "Salary": "50$ BASE  SALARY + TIPS : 2,500-4,200$"
    },
    {
        "Id": 71,
        "PositionName": "Assistant waiter / ress",
        "PassengerDeptID": 17,
        "MerchantDeptID": "",
        "DefaultDocuments": "{1,2,3,4,6,7,14,15,16,23}",
        "MandatoryDocuments": "{23}",
        "DefaultCertificates": "{1,2,3,4,5,6,8,10,11,24,25,26,50}",
        "MandatoryCertificates": "",
        "CVFormatId": "1",
        "ReportsTo": "HEAD WAITER ",
        "DirectRespondsTo": "HEAD WAITER ",
        "Salary": "50$ BASE  SALARY + TIPS : 1,800-2,800$"
    },
    {
        "Id": 72,
        "PositionName": "Stateroom attendant",
        "PassengerDeptID": 18,
        "MerchantDeptID": "",
        "DefaultDocuments": "{1,2,3,4,6,7,14,15,16,23}",
        "MandatoryDocuments": "{23}",
        "DefaultCertificates": "{1,2,3,4,5,6,8,10,11,24,25,26,50}",
        "MandatoryCertificates": "",
        "CVFormatId": "1",
        "ReportsTo": "HOUSEKEEPING MANAGER ",
        "DirectRespondsTo": "HOUSEKEEPING MANAGER ",
        "Salary": "50$ BASE  SALARY + TIPS : 1,500-3,000$"
    },
    {
        "Id": 73,
        "PositionName": "Assistant stateroom attendant",
        "PassengerDeptID": 18,
        "MerchantDeptID": "",
        "DefaultDocuments": "{1,2,3,4,6,7,14,15,16,23}",
        "MandatoryDocuments": "{23}",
        "DefaultCertificates": "{1,2,3,4,5,6,8,10,11,24,25,26,50}",
        "MandatoryCertificates": "",
        "CVFormatId": "1",
        "ReportsTo": "HOUSEKEEPING MANAGER / STATEROOM ATTENDANT ",
        "DirectRespondsTo": "HOUSEKEEPING MANAGER / STATEROOM ATTENDANT ",
        "Salary": "50$ BASE  SALARY + TIPS : 1,200-1,500$"
    },
    {
        "Id": 74,
        "PositionName": "Engine Officer",
        "PassengerDeptID": 19,
        "MerchantDeptID": "19",
        "DefaultDocuments": "{1,2,3,4,6,7,8,9,10,11,13,14,15,16,21,23}",
        "MandatoryDocuments": "{1,2,23}",
        "DefaultCertificates": "{1,2,3,4,7,12,13,19,21,22,23,24,28,29,30,31,35,37,50,55}",
        "MandatoryCertificates": "",
        "CVFormatId": "8",
        "ReportsTo": "",
        "DirectRespondsTo": "",
        "Salary": ""
    },
    {
        "Id": 75,
        "PositionName": "Engine Cadet",
        "PassengerDeptID": 19,
        "MerchantDeptID": "19",
        "DefaultDocuments": "{1,2,3,4,6,7,8,9,10,11,12,13,14,15,16,21,23}",
        "MandatoryDocuments": "{1,2,23}",
        "DefaultCertificates": "{1,2,3,4,7,12,13,19,21,22,23,24,28,29,30,31,35,37,50,55}",
        "MandatoryCertificates": "",
        "CVFormatId": "8",
        "ReportsTo": "",
        "DirectRespondsTo": "",
        "Salary": ""
    },
    {
        "Id": 76,
        "PositionName": "Motorman / Oiler",
        "PassengerDeptID": 19,
        "MerchantDeptID": "19",
        "DefaultDocuments": "{1,2,3,4,6,7,14,17,18,23}",
        "MandatoryDocuments": "{1,2,23}",
        "DefaultCertificates": "{1,2,3,4,5,9,10,11,13,14,17,25,26,50}",
        "MandatoryCertificates": "{1,2,3,4,5,6}",
        "CVFormatId": "5",
        "ReportsTo": "2ND ENGINEER",
        "DirectRespondsTo": "2ND ENGINEER",
        "Salary": "1,300$"
    },
    {
        "Id": 77,
        "PositionName": "Wiper",
        "PassengerDeptID": 19,
        "MerchantDeptID": "19",
        "DefaultDocuments": "{1,2,3,4,6,7,14,17,18,23}",
        "MandatoryDocuments": "{1,2,23}",
        "DefaultCertificates": "{1,2,3,4,5,9,10,11,13,14,17,25,26,50}",
        "MandatoryCertificates": "{1,2,3,4,5,6}",
        "CVFormatId": "5",
        "ReportsTo": "2ND ENGINEER",
        "DirectRespondsTo": "2ND ENGINEER",
        "Salary": "1,200-1,600$"
    },
    {
        "Id": 78,
        "PositionName": "Apprentice Wiper",
        "PassengerDeptID": 19,
        "MerchantDeptID": "19",
        "DefaultDocuments": "{1,2,3,4,6,7,14,17,18,23}",
        "MandatoryDocuments": "{1,2,23}",
        "DefaultCertificates": "{1,2,3,4,5,9,10,11,13,14,17,25,26,50}",
        "MandatoryCertificates": "{1,2,3,4,5,6}",
        "CVFormatId": "5",
        "ReportsTo": "",
        "DirectRespondsTo": "",
        "Salary": ""
    },
    {
        "Id": 79,
        "PositionName": "Electro technical Officer III/6",
        "PassengerDeptID": 20,
        "MerchantDeptID": "19",
        "DefaultDocuments": "{1,2,3,4,6,7,8,9,10,11,13,14,15,16,21,23}",
        "MandatoryDocuments": "{1,2,23}",
        "DefaultCertificates": "{1,2,3,4,7,12,13,19,21,22,23,24,28,29,30,31,35,37,50,55}",
        "MandatoryCertificates": "{1,2,3,4,5,6}",
        "CVFormatId": "8",
        "ReportsTo": "",
        "DirectRespondsTo": "",
        "Salary": ""
    },
    {
        "Id": 80,
        "PositionName": "Electro-technical Rating III/7",
        "PassengerDeptID": 20,
        "MerchantDeptID": "19",
        "DefaultDocuments": "{1,2,3,4,6,7,8,9,10,11,12,13,14,15,16,21,23}",
        "MandatoryDocuments": "{1,2,23}",
        "DefaultCertificates": "{1,2,3,4,7,12,13,19,21,22,23,24,28,29,30,31,35,37,50,55}",
        "MandatoryCertificates": "{1,2,3,4,5,6}",
        "CVFormatId": "8",
        "ReportsTo": "",
        "DirectRespondsTo": "",
        "Salary": ""
    },
    {
        "Id": 81,
        "PositionName": "Electro-Technical Cadet",
        "PassengerDeptID": 20,
        "MerchantDeptID": "19",
        "DefaultDocuments": "{1,2,3,4,6,7,8,9,10,11,12,13,14,15,16,21,23}",
        "MandatoryDocuments": "{1,2,23}",
        "DefaultCertificates": "{1,2,3,4,7,12,13,19,21,22,23,24,28,29,30,31,35,37,50,55}",
        "MandatoryCertificates": "{1,2,3,4,5,6}",
        "CVFormatId": "8",
        "ReportsTo": "",
        "DirectRespondsTo": "",
        "Salary": ""
    },
    {
        "Id": 82,
        "PositionName": "Assistant a/c engineer",
        "PassengerDeptID": 20,
        "MerchantDeptID": "",
        "DefaultDocuments": "{1,2,3,4,6,7,14,15,16,23}",
        "MandatoryDocuments": "{23}",
        "DefaultCertificates": "{1,2,3,4,5,6,8,10,11,24,25,26,50}",
        "MandatoryCertificates": "",
        "CVFormatId": "1",
        "ReportsTo": "",
        "DirectRespondsTo": "",
        "Salary": ""
    },
    {
        "Id": 83,
        "PositionName": "Assistant electrician",
        "PassengerDeptID": 20,
        "MerchantDeptID": "",
        "DefaultDocuments": "{1,2,3,4,6,7,14,15,16,23}",
        "MandatoryDocuments": "{23}",
        "DefaultCertificates": "{1,2,3,4,5,6,8,10,11,24,25,26,50}",
        "MandatoryCertificates": "",
        "CVFormatId": "1",
        "ReportsTo": "CHIEF ELECTRICIAN / ELECTRICAL ENGINEER",
        "DirectRespondsTo": "CHIEF ELECTRICIAN / ELECTRICAL ENGINEER",
        "Salary": "2,000-2,500$"
    },
    {
        "Id": 84,
        "PositionName": "Fitter",
        "PassengerDeptID": 20,
        "MerchantDeptID": "19",
        "DefaultDocuments": "{1,2,3,4,6,7,14,16,20,23}",
        "MandatoryDocuments": "{1,2,23}",
        "DefaultCertificates": "{1,2,3,4,5,9,10,11,13,14,17,24,25,26,50}",
        "MandatoryCertificates": "{1,2,3,4,5,6}",
        "CVFormatId": "7",
        "ReportsTo": "CHIEF ENGINEER/2ND ENGINEER",
        "DirectRespondsTo": "CHIEF ENGINEER/2ND ENGINEER",
        "Salary": "1,300$"
    },
    {
        "Id": 85,
        "PositionName": "Mechanics",
        "PassengerDeptID": 20,
        "MerchantDeptID": "",
        "DefaultDocuments": "{1,2,3,4,6,7,14,16,20,23}",
        "MandatoryDocuments": "{23}",
        "DefaultCertificates": "{1,2,3,4,5,9,10,11,13,14,17,24,25,26,50}",
        "MandatoryCertificates": "",
        "CVFormatId": "7",
        "ReportsTo": "CHIEF ENGINEER/2ND ENGINEER",
        "DirectRespondsTo": "CHIEF ENGINEER/2ND ENGINEER",
        "Salary": "2,700$"
    },
    {
        "Id": 86,
        "PositionName": "Welder",
        "PassengerDeptID": 20,
        "MerchantDeptID": "",
        "DefaultDocuments": "{1,2,3,4,6,7,14,16,20,23}",
        "MandatoryDocuments": "{23}",
        "DefaultCertificates": "{1,2,3,4,5,9,10,11,13,14,17,24,25,26,50}",
        "MandatoryCertificates": "",
        "CVFormatId": "7",
        "ReportsTo": "CHIEF ENGINEER",
        "DirectRespondsTo": "CHIEF ENGINEER",
        "Salary": "1,300$"
    },
    {
        "Id": 87,
        "PositionName": "Gift Shop Sales Staff",
        "PassengerDeptID": 21,
        "MerchantDeptID": "",
        "DefaultDocuments": "{1,2,3,4,6,7,14,15,16,23}",
        "MandatoryDocuments": "{23}",
        "DefaultCertificates": "{1,2,3,4,5,6,8,10,11,24,25,26,50}",
        "MandatoryCertificates": "",
        "CVFormatId": "1",
        "ReportsTo": "RETAIL MANAGER ",
        "DirectRespondsTo": "Cruise Director",
        "Salary": "1,500-2,500$"
    },
    {
        "Id": 88,
        "PositionName": "Photographers",
        "PassengerDeptID": 21,
        "MerchantDeptID": "",
        "DefaultDocuments": "{1,2,3,4,6,7,14,15,16,23}",
        "MandatoryDocuments": "{23}",
        "DefaultCertificates": "{1,2,3,4,5,6,8,10,11,24,25,26,50}",
        "MandatoryCertificates": "",
        "CVFormatId": "1",
        "ReportsTo": "SENIOR PHOTOGRAPHERS",
        "DirectRespondsTo": "SENIOR PHOTOGRAPHERS",
        "Salary": "1,500-2,500$"
    },
    {
        "Id": 89,
        "PositionName": "Spa Attendant",
        "PassengerDeptID": 21,
        "MerchantDeptID": "",
        "DefaultDocuments": "{1,2,3,4,6,7,14,15,16,23}",
        "MandatoryDocuments": "{23}",
        "DefaultCertificates": "{1,2,3,4,5,6,8,10,11,24,25,26,50}",
        "MandatoryCertificates": "",
        "CVFormatId": "1",
        "ReportsTo": "SPA MANAGER ",
        "DirectRespondsTo": "SPA MANAGER ",
        "Salary": "1,200-1,500$ "
    },
    {
        "Id": 90,
        "PositionName": "Beauty Therapist",
        "PassengerDeptID": 21,
        "MerchantDeptID": "",
        "DefaultDocuments": "{1,2,3,4,6,7,14,15,16,23}",
        "MandatoryDocuments": "{23}",
        "DefaultCertificates": "{1,2,3,4,5,6,8,10,11,24,25,26,50}",
        "MandatoryCertificates": "",
        "CVFormatId": "1",
        "ReportsTo": "SPA MANAGER ",
        "DirectRespondsTo": "SPA MANAGER ",
        "Salary": "1,800-2,500$"
    },
    {
        "Id": 91,
        "PositionName": "Fitness Instructor",
        "PassengerDeptID": 21,
        "MerchantDeptID": "",
        "DefaultDocuments": "{1,2,3,4,6,7,14,15,16,23}",
        "MandatoryDocuments": "{23}",
        "DefaultCertificates": "{1,2,3,4,5,6,8,10,11,24,25,26,50}",
        "MandatoryCertificates": "",
        "CVFormatId": "1",
        "ReportsTo": "FITNESS DIRECTOR ",
        "DirectRespondsTo": "FITNESS DIRECTOR ",
        "Salary": "2,200-2,800$"
    },
    {
        "Id": 92,
        "PositionName": "Hair Stylist",
        "PassengerDeptID": 21,
        "MerchantDeptID": "",
        "DefaultDocuments": "{1,2,3,4,6,7,14,15,16,23}",
        "MandatoryDocuments": "{23}",
        "DefaultCertificates": "{1,2,3,4,5,6,8,10,11,24,25,26,50}",
        "MandatoryCertificates": "",
        "CVFormatId": "1",
        "ReportsTo": "SPA MANAGER",
        "DirectRespondsTo": "SPA MANAGER",
        "Salary": "1,500-2,200$"
    },
    {
        "Id": 93,
        "PositionName": "Manicurist",
        "PassengerDeptID": 21,
        "MerchantDeptID": "",
        "DefaultDocuments": "{1,2,3,4,6,7,14,15,16,23}",
        "MandatoryDocuments": "{23}",
        "DefaultCertificates": "{1,2,3,4,5,6,8,10,11,24,25,26,50}",
        "MandatoryCertificates": "",
        "CVFormatId": "1",
        "ReportsTo": "SPA MANAGER ",
        "DirectRespondsTo": "SPA MANAGER ",
        "Salary": "1,500-2,200$"
    },
    {
        "Id": 94,
        "PositionName": "Massage Therapists",
        "PassengerDeptID": 21,
        "MerchantDeptID": "",
        "DefaultDocuments": "{1,2,3,4,6,7,14,15,16,23}",
        "MandatoryDocuments": "{23}",
        "DefaultCertificates": "{1,2,3,4,5,6,8,10,11,24,25,26,50}",
        "MandatoryCertificates": "",
        "CVFormatId": "1",
        "ReportsTo": "SPA MANAGER ",
        "DirectRespondsTo": "SPA MANAGER ",
        "Salary": "1,500-2,500$"
    },
    {
        "Id": 95,
        "PositionName": "Assistant Cook",
        "PassengerDeptID": 16,
        "MerchantDeptID": "",
        "DefaultDocuments": "{1,2,3,4,6,7,14,15,16,23}",
        "MandatoryDocuments": "{23}",
        "DefaultCertificates": "{1,2,3,4,5,6,8,9,10,11,13,24,25,26,50}",
        "MandatoryCertificates": "",
        "CVFormatId": "3",
        "ReportsTo": "EXECUTIVE CHEF / SOUS CHEF ",
        "DirectRespondsTo": "EXECUTIVE CHEF / SOUS CHEF ",
        "Salary": "1,200-2,500$"
    },
    {
        "Id": 96,
        "PositionName": "Production Vocalist",
        "PassengerDeptID": 2,
        "MerchantDeptID": "",
        "DefaultDocuments": "{1,2,3,4,6,7,14,15,16,23}",
        "MandatoryDocuments": "{23}",
        "DefaultCertificates": "{1,2,3,4,5,6,8,10,11,24,25,26,50}",
        "MandatoryCertificates": "",
        "CVFormatId": "1",
        "ReportsTo": "ENTERTAINMENT TECHNICAL DIRECTOR ",
        "DirectRespondsTo": "ENTERTAINMENT TECHNICAL DIRECTOR ",
        "Salary": "1,500-3,000$"
    },
    {
        "Id": 99,
        "PositionName": "Chief Mate ",
        "PassengerDeptID": 13,
        "MerchantDeptID": "",
        "DefaultDocuments": "{1,2,3,4,6,7,8,9,10,11,13,14,15,16,21,23}",
        "MandatoryDocuments": "{1,2,23}",
        "DefaultCertificates": "{1,2,3,4,7,12,13,19,21,22,23,24,28,29,30,31,35,37,50,55}",
        "MandatoryCertificates": "",
        "CVFormatId": "8",
        "ReportsTo": "",
        "DirectRespondsTo": "",
        "Salary": ""
    },
    {
        "Id": 101,
        "PositionName": "H/R Assistant",
        "PassengerDeptID": 5,
        "MerchantDeptID": "",
        "DefaultDocuments": "{1,2,3,4,6,7,14,15,16,23}",
        "MandatoryDocuments": "{23}",
        "DefaultCertificates": "{1,2,3,4,5,6,8,10,11,24,25,26,50}",
        "MandatoryCertificates": "",
        "CVFormatId": "1",
        "ReportsTo": "H/R Manager",
        "DirectRespondsTo": "H/R Manager",
        "Salary": "2,000-3,500$"
    },
    {
        "Id": 104,
        "PositionName": "Captain",
        "PassengerDeptID": 0,
        "MerchantDeptID": "13",
        "DefaultDocuments": "{1,2,3,4,6,7,8,9,10,11,13,14,15,16,21,23}",
        "MandatoryDocuments": "{1,2,23}",
        "DefaultCertificates": "{1,2,3,4,7,12,13,19,21,22,23,24,28,29,30,31,35,37,50,55}",
        "MandatoryCertificates": "",
        "CVFormatId": "8",
        "ReportsTo": "",
        "DirectRespondsTo": "",
        "Salary": ""
    },
    {
        "Id": 105,
        "PositionName": "Mechanical Engineer ",
        "PassengerDeptID": 20,
        "MerchantDeptID": "",
        "DefaultDocuments": "{1,2,3,4,6,7,8,9,10,11,13,14,15,16,21,23}",
        "MandatoryDocuments": "{1,2,23}",
        "DefaultCertificates": "{1,2,3,4,7,12,13,19,21,22,23,24,28,29,30,31,35,37,50,55}",
        "MandatoryCertificates": "",
        "CVFormatId": "8",
        "ReportsTo": "",
        "DirectRespondsTo": "",
        "Salary": ""
    }
]